"","positive","score"
"1","A-cort-di-liquid",-1
"2","malincuor",-1
"3","abbandon",-1
"4","abbatt",-1
"5","abbozz",-1
"6","abbrut",-1
"7","abissal",-1
"8","abiss",-1
"9","abomin",-1
"10","abominevol",-1
"11","abras",-1
"12","abus",-1
"13","accan",-1
"14","accartocc",-1
"15","accattonagg",-1
"16","accec",-1
"17","accidental",-1
"18","accident",-1
"19","accus",-1
"20","accusator",-1
"21","acid",-1
"22","acre",-1
"23","acrimon",-1
"24","addolor",-1
"25","adesc",-1
"26","adulter",-1
"27","affam",-1
"28","affatic",-1
"29","afflitt",-1
"30","afflizion",-1
"31","afflosci￲",-1
"32","affoll",-1
"33","affond",-1
"34","affrant",-1
"35","affront",-1
"36","aggrav",-1
"37","aggression",-1
"38","aggress",-1
"39","aggressor",-1
"40","Aggrott-le-sopraccigl",-1
"41","aggrovigl",-1
"42","aggu",-1
"43","agit",-1
"44","agon",-1
"45","agonizz",-1
"46","alien",-1
"47","all'oscur",-1
"48","allarm",-1
"49","allerg",-1
"50","allocc",-1
"51","allucin",-1
"52","allusion",-1
"53","alterc",-1
"54","altezz",-1
"55","alto-e-dinoccol",-1
"56","alzat-di-spall",-1
"57","amar",-1
"58","amarezz",-1
"59","ambigu",-1
"60","ambivalent",-1
"61","ammacc",-1
"62","ammaccatur",-1
"63","ammal",-1
"64","amministr-mal",-1
"65","ammon",-1
"66","ammonitor",-1
"67","ammonizion",-1
"68","ammortizz",-1
"69","ampoll",-1
"70","amput",-1
"71","analfabet",-1
"72","anarc",-1
"73","anem",-1
"74","angosc",-1
"75","angust",-1
"76","animos",-1
"77","annacqu",-1
"78","anneg",-1
"79","annichil",-1
"80","annid",-1
"81","annient",-1
"82","annod",-1
"83","annoi",-1
"84","annull",-1
"85","anomal",-1
"86","anormal",-1
"87","ansi",-1
"88","ansios",-1
"89","antagon",-1
"90","antagonist",-1
"91","anti",-1
"92","anti-americ",-1
"93","anti-bianc",-1
"94","anti-israel",-1
"95","anti-occup",-1
"96","anti-social",-1
"97","Anti-usa",-1
"98","anticostituzional",-1
"99","antieconom",-1
"100","antipat",-1
"101","antiqu",-1
"102","antisem",-1
"103","antitet",-1
"104","apat",-1
"105","apocaliss",-1
"106","apocalitt",-1
"107","apologet",-1
"108","appal",-1
"109","appann",-1
"110","appass",-1
"111","appell",-1
"112","append",-1
"113","appiccic",-1
"114","apprension",-1
"115","apprens",-1
"116","approssim",-1
"117","arbitrar",-1
"118","arcaic",-1
"119","arcan",-1
"120","ardu",-1
"121","arpi",-1
"122","arrabb",-1
"123","arrend",-1
"124","arrest",-1
"125","arretratezz",-1
"126","arring",-1
"127","arrog",-1
"128","arrogant",-1
"129","arruff",-1
"130","arruggin",-1
"131","artific",-1
"132","aspett-negat",-1
"133","aspr",-1
"134","assalg",-1
"135","assalt",-1
"136","assassin",-1
"137","assecond",-1
"138","assed",-1
"139","assent",-1
"140","assenz",-1
"141","asset-di-sangu",-1
"142","assill",-1
"143","assorb",-1
"144","assord",-1
"145","assurd",-1
"146","asten-da",-1
"147","asti",-1
"148","astut",-1
"149","astuz",-1
"150","atroc",-1
"151","atrof",-1
"152","attacc",-1
"153","attacc-di-cuor",-1
"154","attacc-furios",-1
"155","attrit",-1
"156","audac",-1
"157","auster",-1
"158","aut-golp",-1
"159","aut-interess",-1
"160","aut-umil",-1
"161","autocr",-1
"162","autocrat",-1
"163","autodistrutt",-1
"164","autolesion",-1
"165","autoritar",-1
"166","avar",-1
"167","avariz",-1
"168","avid",-1
"169","avvent",-1
"170","avversar",-1
"171","avversion",-1
"172","avvers",-1
"173","avvert",-1
"174","avvilent",-1
"175","avvil",-1
"176","avvit",-1
"177","avvizz",-1
"178","avvolt",-1
"179","babbe",-1
"180","bagarin",-1
"181","baglior",-1
"182","balbett",-1
"183","balbuz",-1
"184","banal",-1
"185","banalizz",-1
"186","band",-1
"187","bar",-1
"188","barbar",-1
"189","barcoll",-1
"190","bassezz",-1
"191","bass-rating",-1
"192","bastard",-1
"193","baston",-1
"194","battaglier",-1
"195","battibecc",-1
"196","batt-d'arrest",-1
"197","batt",-1
"198","beff",-1
"199","beffard",-1
"200","bellic",-1
"201","belliger",-1
"202","berlin",-1
"203","bestemm",-1
"204","bestial",-1
"205","biasimevol",-1
"206","bigott",-1
"207","birichin",-1
"208","bisogn",-1
"209","bizz",-1
"210","bizzarr",-1
"211","blah",-1
"212","bland",-1
"213","blasfem",-1
"214","blater",-1
"215","blocc",-1
"216","blocc-stradal",-1
"217","boicott",-1
"218","bomb",-1
"219","bombard",-1
"220","borbott",-1
"221","bottin",-1
"222","bradip",-1
"223","bramos",-1
"224","brav",-1
"225","break-me",-1
"226","break-up",-1
"227","briccon",-1
"228","brivid",-1
"229","bronc",-1
"230","brontol",-1
"231","brontolon",-1
"232","bruc",-1
"233","brusc",-1
"234","brutal",-1
"235","brutalizz",-1
"236","brut",-1
"237","bruttezz",-1
"238","brutt",-1
"239","bug",-1
"240","bugiard",-1
"241","bui",-1
"242","bull",-1
"243","bullism",-1
"244","buon-merc",-1
"245","burattin",-1
"246","burber",-1
"247","burl",-1
"248","buss",-1
"249","bust",-1
"250","cacciatorpedin",-1
"251","cadent",-1
"252","cad",-1
"253","cad-in-disgraz",-1
"254","cagn",-1
"255","calam",-1
"256","calamit",-1
"257","calpest",-1
"258","calunn",-1
"259","calvar",-1
"260","calviz",-1
"261","campagn-pubblicitar",-1
"262","cancell",-1
"263","cancer",-1
"264","cancr",-1
"265","cannibal",-1
"266","cannibalizz",-1
"267","canton",-1
"268","caos",-1
"269","caotic",-1
"270","capitol",-1
"271","capitombol",-1
"272","capricc",-1
"273","capr-espiator",-1
"274","capsiz",-1
"275","carc",-1
"276","carent",-1
"277","carenz",-1
"278","carest",-1
"279","caricatur",-1
"280","caric",-1
"281","carneficin",-1
"282","car",-1
"283","carp",-1
"284","carregg",-1
"285","cartegg",-1
"286","carton-anim",-1
"287","cascant",-1
"288","cass-integr",-1
"289","castig",-1
"290","castr",-1
"291","casual",-1
"292","cataclism",-1
"293","catastrof",-1
"294","categor",-1
"295","catt-condott",-1
"296","cattiver",-1
"297","catt",-1
"298","catt-umor",-1
"299","caustic",-1
"300","cautel",-1
"301","cauzional",-1
"302","cavill",-1
"303","cavit",-1
"304","cazz",-1
"305","cedevol",-1
"306","cencios",-1
"307","censur",-1
"308","cepp",-1
"309","cestin",-1
"310","che-odi",-1
"311","chiacchier",-1
"312","chiacchieron",-1
"313","chius",-1
"314","ciarl",-1
"315","ciarlat",-1
"316","cicatric",-1
"317","ciec",-1
"318","cigol",-1
"319","cinic",-1
"320","cinism",-1
"321","cipigl",-1
"322","circospezion",-1
"323","cit-in-giudiz",-1
"324","clamor",-1
"325","clientel",-1
"326","codard",-1
"327","coercit",-1
"328","coercizion",-1
"329","coglion",-1
"330","coinvolt",-1
"331","coller",-1
"332","collud",-1
"333","collusion",-1
"334","colp",-1
"335","colpevol",-1
"336","colp-di-scen",-1
"337","coltell",-1
"338","combustion",-1
"339","comic",-1
"340","commiser",-1
"341","compless",-1
"342","complet",-1
"343","complic",-1
"344","comport-mal",-1
"345","compromess",-1
"346","compuls",-1
"347","comun",-1
"348","con-ari-di-sfid",-1
"349","con-cattiver",-1
"350","con-rabb",-1
"351","con-rilutt",-1
"352","con-sospett",-1
"353","conced",-1
"354","concentr",-1
"355","concession",-1
"356","concess",-1
"357","concis",-1
"358","condann",-1
"359","condiscendent",-1
"360","condiscend",-1
"361","confess",-1
"362","confession",-1
"363","conflitt",-1
"364","conflittual",-1
"365","confond",-1
"366","confront",-1
"367","confusion",-1
"368","confus",-1
"369","conf",-1
"370","confut",-1
"371","congel",-1
"372","congestion",-1
"373","contag",-1
"374","contamin",-1
"375","contenz",-1
"376","contes",-1
"377","contest",-1
"378","contorc",-1
"379","contorsion",-1
"380","contradd",-1
"381","contraddittor",-1
"382","contraddizion",-1
"383","contrariet",-1
"384","contrattemp",-1
"385","contravven",-1
"386","controproducent",-1
"387","controvers",-1
"388","controvogl",-1
"389","contusion",-1
"390","contus",-1
"391","convuls",-1
"392","corrod",-1
"393","corromp",-1
"394","corrosion",-1
"395","corros",-1
"396","corrott",-1
"397","corruttor",-1
"398","corruttr",-1
"399","corruzion",-1
"400","cortin-fumogen",-1
"401","cospicu",-1
"402","cospir",-1
"403","costern",-1
"404","costos",-1
"405","costrizion",-1
"406","costruzion",-1
"407","cov",-1
"408","cramp",-1
"409","craps",-1
"410","crash",-1
"411","crass",-1
"412","credul",-1
"413","credulon",-1
"414","crep",-1
"415","cricc",-1
"416","criminal",-1
"417","crimin",-1
"418","cris",-1
"419","critic",-1
"420","croll",-1
"421","cronic",-1
"422","crud",-1
"423","crudel",-1
"424","crudelt",-1
"425","cuccett",-1
"426","cull",-1
"427","cune",-1
"428","cup",-1
"429","da-incub",-1
"430","dannabil",-1
"431","dann",-1
"432","dannazion",-1
"433","dannegg",-1
"434","dannos",-1
"435","dar-l'ostrac",-1
"436","debilit",-1
"437","deb",-1
"438","debol",-1
"439","debol-di-ment",-1
"440","debolezz",-1
"441","debol-di-cuor",-1
"442","decad",-1
"443","decadent",-1
"444","declam",-1
"445","declin",-1
"446","decrement",-1
"447","decrepitezz",-1
"448","decrep",-1
"449","ded",-1
"450","deficient",-1
"451","deflettor",-1
"452","deform",-1
"453","defunt",-1
"454","degener",-1
"455","degen",-1
"456","degn",-1
"457","degrad",-1
"458","delinquent",-1
"459","delir",-1
"460","delud",-1
"461","deludent",-1
"462","delus",-1
"463","delusion",-1
"464","demol",-1
"465","demon",-1
"466","demoniac",-1
"467","demonizz",-1
"468","demoralizz",-1
"469","denigr",-1
"470","denigrator",-1
"471","dens",-1
"472","denunc",-1
"473","deplor",-1
"474","deplorevol",-1
"475","deprav",-1
"476","deprec",-1
"477","depred",-1
"478","depression",-1
"479","depress",-1
"480","deprezz",-1
"481","depriment",-1
"482","deprim",-1
"483","depriv",-1
"484","derid",-1
"485","derision",-1
"486","derisor",-1
"487","desert",-1
"488","desitit",-1
"489","desol",-1
"490","desolat",-1
"491","despot",-1
"492","desquam",-1
"493","destabilizz",-1
"494","deterior",-1
"495","deterrent",-1
"496","detest",-1
"497","detratt",-1
"498","detrazion",-1
"499","devast",-1
"500","dev",-1
"501","deviazion",-1
"502","di-nessun-valor",-1
"503","di-rimprover",-1
"504","di-scart",-1
"505","di-second-class",-1
"506","di-sinistr",-1
"507","di-travers",-1
"508","diabol",-1
"509","diametral",-1
"510","diamin",-1
"511","diatrib",-1
"512","diavoler",-1
"513","dibatt",-1
"514","difens",-1
"515","difett",-1
"516","diffam",-1
"517","diffamator",-1
"518","difficil",-1
"519","difficolt",-1
"520","diffid",-1
"521","diffident",-1
"522","dilag",-1
"523","dilemm",-1
"524","diluv",-1
"525","dimentic",-1
"526","diment",-1
"527","dimess",-1
"528","diminu",-1
"529","dipan",-1
"530","dirompent",-1
"531","disabil",-1
"532","disabilit",-1
"533","disaccord",-1
"534","disadatt",-1
"535","disaffezion",-1
"536","disag",-1
"537","disallin",-1
"538","disinnamor",-1
"539","disapprov",-1
"540","disappunt",-1
"541","disarm",-1
"542","disastr",-1
"543","disattent",-1
"544","disattenzion",-1
"545","discar",-1
"546","disces",-1
"547","disciolt",-1
"548","discombobul",-1
"549","disconosc",-1
"550","discontinu",-1
"551","discord",-1
"552","discred",-1
"553","discrep",-1
"554","discrimin",-1
"555","discut",-1
"556","disdegn",-1
"557","diserzion",-1
"558","disfac",-1
"559","disfatt",-1
"560","disgraz",-1
"561","disgust",-1
"562","disillu",-1
"563","disillus",-1
"564","disinform",-1
"565","disingann",-1
"566","disintegr",-1
"567","disinteress",-1
"568","disobbedient",-1
"569","disobbed",-1
"570","disoccup",-1
"571","disonest",-1
"572","disonor",-1
"573","disonorevol",-1
"574","disordinat",-1
"575","disordin",-1
"576","disorganizz",-1
"577","disorient",-1
"578","dispar",-1
"579","dispend",-1
"580","dispens",-1
"581","disper",-1
"582","dispers",-1
"583","dispett",-1
"584","dispiac",-1
"585","dispot",-1
"586","dispreg",-1
"587","disprezz",-1
"588","disp",-1
"589","dissens",-1
"590","dissenzient",-1
"591","disserviz",-1
"592","dissident",-1
"593","dissimul",-1
"594","dissocial",-1
"595","dissol",-1
"596","dissolutezz",-1
"597","dissolu",-1
"598","disson",-1
"599","dissuad",-1
"600","dissuas",-1
"601","distacc",-1
"602","distorsion",-1
"603","distort",-1
"604","distrarr",-1
"605","distratt",-1
"606","distrazion",-1
"607","distrugg",-1
"608","distrutt",-1
"609","distruzion",-1
"610","disturb",-1
"611","disuguagl",-1
"612","disuman",-1
"613","disumanizz",-1
"614","disum",-1
"615","disun",-1
"616","disvalor",-1
"617","dittator",-1
"618","dittatorial",-1
"619","divergent",-1
"620","divertent",-1
"621","division",-1
"622","dogmat",-1
"623","dol",-1
"624","dolor",-1
"625","donnaiol",-1
"626","dragon",-1
"627","drastic",-1
"628","drenant",-1
"629","dren",-1
"630","drog",-1
"631","dron",-1
"632","dubb",-1
"633","dubbios",-1
"634","dubit",-1
"635","due-facc",-1
"636","dur",-1
"637","ebollizion",-1
"638","eccedent",-1
"639","eccentr",-1
"640","eccess",-1
"641","ecchim",-1
"642","ecliss",-1
"643","edonist",-1
"644","effig",-1
"645","egemon",-1
"646","egocentr",-1
"647","egoism",-1
"648","egoist",-1
"649","egoman",-1
"650","egot",-1
"651","egreg",-1
"652","elimin",-1
"653","elud",-1
"654","emac",-1
"655","emergent",-1
"656","empiet",-1
"657","empi",-1
"658","enerv",-1
"659","enfat",-1
"660","epidem",-1
"661","equivoc",-1
"662","erbacc",-1
"663","eres",-1
"664","eret",-1
"665","erod",-1
"666","erosion",-1
"667","erpic",-1
"668","errant",-1
"669","errat",-1
"670","erron",-1
"671","error",-1
"672","error-di-calcol",-1
"673","eruzion-cutane",-1
"674","eruzion",-1
"675","esacerb",-1
"676","esager",-1
"677","esasper",-1
"678","esasperat",-1
"679","esaur",-1
"680","esaust",-1
"681","esca",-1
"682","esclusion",-1
"683","escogit",-1
"684","esecr",-1
"685","esigent",-1
"686","esil",-1
"687","esit",-1
"688","esorbit",-1
"689","esort",-1
"690","espedient",-1
"691","espell",-1
"692","esplod",-1
"693","esplosion",-1
"694","esplos",-1
"695","espropr",-1
"696","espung",-1
"697","espurg",-1
"698","essicc",-1
"699","estingu",-1
"700","estorc",-1
"701","estorsion",-1
"702","estrane",-1
"703","estran",-1
"704","estrem",-1
"705","eterogene",-1
"706","evasion",-1
"707","evas",-1
"708","evir",-1
"709","evit",-1
"710","fa-mal",-1
"711","fa-riflett",-1
"712","fa-schif",-1
"713","fabbric",-1
"714","facinor",-1
"715","facond",-1
"716","fagocit",-1
"717","fallac",-1
"718","fall",-1
"719","fall-out",-1
"720","fals",-1
"721","falsific",-1
"722","falsit",-1
"723","fam",-1
"724","famiger",-1
"725","fanat",-1
"726","fang",-1
"727","fangos",-1
"728","fantas",-1
"729","fant",-1
"730","far-infur",-1
"731","farabutt",-1
"732","far-il-pignol",-1
"733","far-la-predic",-1
"734","farfugl",-1
"735","fars",-1
"736","provocator",-1
"737","farsesc",-1
"738","fascism",-1
"739","fascist",-1
"740","fastid",-1
"741","fastidios",-1
"742","fastos",-1
"743","fatal",-1
"744","fatalist",-1
"745","fatic",-1
"746","fatiqu",-1
"747","fatiscent",-1
"748","fatuit",-1
"749","fatu",-1
"750","febbr",-1
"751","febbril",-1
"752","fecc",-1
"753","fer",-1
"754","feroc",-1
"755","ferroviar",-1
"756","fetid",-1
"757","fetor",-1
"758","fiacc",-1
"759","fiasc",-1
"760","fibb",-1
"761","fic",-1
"762","ficcanas",-1
"763","fictional",-1
"764","fing",-1
"765","fint",-1
"766","finzion",-1
"767","fiocc",-1
"768","fisc",-1
"769","fittiz",-1
"770","fiut",-1
"771","flagell",-1
"772","flagging",-1
"773","flagrant",-1
"774","flession",-1
"775","fob",-1
"776","fobic",-1
"777","focola",-1
"778","foll",-1
"779","follement",-1
"780","fondamental",-1
"781","forcellin",-1
"782","forg",-1
"783","for",-1
"784","formagg",-1
"785","formicol",-1
"786","forsenn",-1
"787","fort",-1
"788","foruncol",-1
"789","fosc",-1
"790","fragil",-1
"791","fraintend",-1
"792","framment",-1
"793","frantum",-1
"794","frastagl",-1
"795","frattur",-1
"796","fraudolent",-1
"797","fredd",-1
"798","frenes",-1
"799","frenet",-1
"800","frett",-1
"801","frettol",-1
"802","frigid",-1
"803","fritt",-1
"804","frod",-1
"805","frust",-1
"806","frustr",-1
"807","frustrant",-1
"808","frustrazion",-1
"809","fugac",-1
"810","fugg",-1
"811","fuggit",-1
"812","fuliggin",-1
"813","fulmin",-1
"814","fumant",-1
"815","fum",-1
"816","fuor-mod",-1
"817","fuor-strad",-1
"818","fuorilegg",-1
"819","fuorv",-1
"820","furb",-1
"821","furfant",-1
"822","fur",-1
"823","furios",-1
"824","furor",-1
"825","furt",-1
"826","fustig",-1
"827","futil",-1
"828","gaff",-1
"829","gasp",-1
"830","gel",-1
"831","gelos",-1
"832","gem",-1
"833","genocid",-1
"834","ghett",-1
"835","ghosting",-1
"836","giacent",-1
"837","gingill",-1
"838","giocattol",-1
"839","giorn-del-giudiz-universal",-1
"840","giudic-mal",-1
"841","giudiz-sbagl",-1
"842","giunc",-1
"843","giur-di-rinunc",-1
"844","gocciol",-1
"845","goffaggin",-1
"846","goff",-1
"847","gonf",-1
"848","gonfior",-1
"849","gracil",-1
"850","graff",-1
"851","grass",-1
"852","grav",-1
"853","gravement",-1
"854","gravit",-1
"855","gravos",-1
"856","grazios",-1
"857","grec",-1
"858","gregg",-1
"859","grezz",-1
"860","grid",-1
"861","grigl",-1
"862","grintos",-1
"863","grondai",-1
"864","grossolan",-1
"865","grossol",-1
"866","grott",-1
"867","grottesc",-1
"868","grovigl",-1
"869","gua",-1
"870","guard-in-cagnesc",-1
"871","guastafest",-1
"872","guast",-1
"873","ide-sbagl",-1
"874","idiot",-1
"875","idioz",-1
"876","ignar",-1
"877","ignobil",-1
"878","ignomin",-1
"879","ignor",-1
"880","il-caos",-1
"881","il-mal-di-test",-1
"882","illec",-1
"883","illegal",-1
"884","illegg",-1
"885","illegittim",-1
"886","illog",-1
"887","illud",-1
"888","illus",-1
"889","illusion",-1
"890","illusor",-1
"891","imbarazz",-1
"892","imbecill",-1
"893","imbrogl",-1
"894","immaginar",-1
"895","immaterial",-1
"896","immatur",-1
"897","imminent",-1
"898","immisc",-1
"899","immobil",-1
"900","immobilizz",-1
"901","immodest",-1
"902","immond",-1
"903","immoral",-1
"904","impallid",-1
"905","impass",-1
"906","impaur",-1
"907","impazient",-1
"908","impazz",-1
"909","impedent",-1
"910","imped",-1
"911","impegn",-1
"912","impenitent",-1
"913","impens",-1
"914","impensabil",-1
"915","imperdon",-1
"916","imperdonabil",-1
"917","imperfett",-1
"918","imperfezion",-1
"919","imperial",-1
"920","imper",-1
"921","impersonal",-1
"922","impertinent",-1
"923","impetu",-1
"924","impietr",-1
"925","impigl",-1
"926","implac",-1
"927","implic",-1
"928","implod",-1
"929","impolit",-1
"930","imponent",-1
"931","impopol",-1
"932","imporr",-1
"933","importun",-1
"934","imposizion",-1
"935","imposs",-1
"936","impossibil",-1
"937","impotent",-1
"938","impover",-1
"939","imprec",-1
"940","imprecis",-1
"941","imprecision",-1
"942","imprepar",-1
"943","impreved",-1
"944","imprev",-1
"945","imprigion",-1
"946","improb",-1
"947","improdutt",-1
"948","impropr",-1
"949","impropriet",-1
"950","improvvis",-1
"951","imprudent",-1
"952","impudent",-1
"953","impugn",-1
"954","impuls",-1
"955","impun",-1
"956","impur",-1
"957","in-cal",-1
"958","in-ebollizion",-1
"959","in-fug",-1
"960","in-mancanz-di",-1
"961","in-manier-illog",-1
"962","in-mod-irregol",-1
"963","in-mod-non-corrett",-1
"964","in-pien-regol",-1
"965","in-pred-al-panic",-1
"966","in-ritard",-1
"967","in-secc",-1
"968","inaccett",-1
"969","inaccettabil",-1
"970","inadatt",-1
"971","inadeguatezz",-1
"972","inadempient",-1
"973","inaffid",-1
"974","inammiss",-1
"975","inarticol",-1
"976","inaspettat",-1
"977","inaspett",-1
"978","inatt",-1
"979","inattu",-1
"980","incapac",-1
"981","incasin",-1
"982","incaut",-1
"983","inca",-1
"984","incendiar",-1
"985","imbellett",-1
"986","incert",-1
"987","incess",-1
"988","incessant",-1
"989","inciamp",-1
"990","incident",-1
"991","incit",-1
"992","incivil",-1
"993","incivilt",-1
"994","inclement",-1
"995","incoerent",-1
"996","incommensur",-1
"997","incompar",-1
"998","incomparabil",-1
"999","incompat",-1
"1000","incompatibil",-1
"1001","incompetent",-1
"1002","incomp",-1
"1003","incomplet",-1
"1004","incomprens",-1
"1005","incomprension",-1
"1006","incompres",-1
"1007","inconcep",-1
"1008","inconcepibil",-1
"1009","inconcil",-1
"1010","incongruent",-1
"1011","incongru",-1
"1012","inconsapevol",-1
"1013","inconseguent",-1
"1014","inconsiderat",-1
"1015","inconsistent",-1
"1016","inconsol",-1
"1017","inconvenient",-1
"1018","incorregg",-1
"1019","incorreggibil",-1
"1020","incost",-1
"1021","incred",-1
"1022","incredibil",-1
"1023","incredul",-1
"1024","incresp",-1
"1025","incub",-1
"1026","inculc",-1
"1027","indeb",-1
"1028","indebol",-1
"1029","indecent",-1
"1030","indecision",-1
"1031","indecis",-1
"1032","indecor",-1
"1033","indefin",-1
"1034","indegn",-1
"1035","indelic",-1
"1036","indennizz",-1
"1037","indesider",-1
"1038","indetermin",-1
"1039","indeterminatezz",-1
"1040","indic",-1
"1041","indietr",-1
"1042","indifend",-1
"1043","indifes",-1
"1044","indifferent",-1
"1045","indigent",-1
"1046","indigest",-1
"1047","indign",-1
"1048","indimostr",-1
"1049","indirett",-1
"1050","indirizz-sbagl",-1
"1051","indiscern",-1
"1052","indisciplin",-1
"1053","indiscret",-1
"1054","indiscrezion",-1
"1055","indiscriminat",-1
"1056","indiscrimin",-1
"1057","indispett",-1
"1058","indispost",-1
"1059","indistingu",-1
"1060","indolent",-1
"1061","indolenz",-1
"1062","indoss",-1
"1063","indottrin",-1
"1064","indulg",-1
"1065","indur",-1
"1066","indurr-in-error",-1
"1067","inefficac",-1
"1068","inefficient",-1
"1069","inegual",-1
"1070","ineleg",-1
"1071","inelegg",-1
"1072","inesatt",-1
"1073","inesattezz",-1
"1074","inesig",-1
"1075","inesistent",-1
"1076","inesor",-1
"1077","inesorabil",-1
"1078","inesperient",-1
"1079","inespert",-1
"1080","inesp",-1
"1081","inestric",-1
"1082","inestricabil",-1
"1083","inettitudin",-1
"1084","inett",-1
"1085","inevit",-1
"1086","inevitabil",-1
"1087","infam",-1
"1088","infantil",-1
"1089","infastid",-1
"1090","infedel",-1
"1091","infel",-1
"1092","infelic",-1
"1093","inferior",-1
"1094","inferm",-1
"1095","infernal",-1
"1096","infern",-1
"1097","infest",-1
"1098","infett",-1
"1099","infezion",-1
"1100","infiamm",-1
"1101","infiammator",-1
"1102","infid",-1
"1103","infiltr",-1
"1104","infirm",-1
"1105","inflazionist",-1
"1106","infless",-1
"1107","infligg",-1
"1108","infond",-1
"1109","infrazion",-1
"1110","infruttu",-1
"1111","infuriant",-1
"1112","infur",-1
"1113","ingann",-1
"1114","ingannevol",-1
"1115","ingenu",-1
"1116","ingiung",-1
"1117","ingiur",-1
"1118","ingiust",-1
"1119","ingiustific",-1
"1120","ingiustificat",-1
"1121","ingiustiz",-1
"1122","inglor",-1
"1123","ingombr",-1
"1124","ingratitudin",-1
"1125","ingrat",-1
"1126","inguard",-1
"1127","inib",-1
"1128","inibizion",-1
"1129","inimic",-1
"1130","inimiciz",-1
"1131","inimmagin",-1
"1132","inimmaginabil",-1
"1133","inintellig",-1
"1134","iniqu",-1
"1135","innatural",-1
"1136","innervos",-1
"1137","innest",-1
"1138","inond",-1
"1139","inoper",-1
"1140","inopportun",-1
"1141","inorrid",-1
"1142","inospital",-1
"1143","inosserv",-1
"1144","inquiet",-1
"1145","inquietant",-1
"1146","inquietudin",-1
"1147","inquin",-1
"1148","insapon",-1
"1149","insaz",-1
"1150","insensat",-1
"1151","insens",-1
"1152","insensibil",-1
"1153","insensitively",-1
"1154","insett",-1
"1155","insicurezz",-1
"1156","insicur",-1
"1157","insid",-1
"1158","insignific",-1
"1159","insincer",-1
"1160","insinu",-1
"1161","insociabl",-1
"1162","insoddisfacent",-1
"1163","insoddisfatt",-1
"1164","insoddisf",-1
"1165","insolent",-1
"1166","insolit",-1
"1167","insol",-1
"1168","insolvent",-1
"1169","insopport",-1
"1170","insopportabil",-1
"1171","insormont",-1
"1172","insosten",-1
"1173","insoucianc",-1
"1174","inspieg",-1
"1175","instabil",-1
"1176","insubordin",-1
"1177","insudic",-1
"1178","insufficient",-1
"1179","insul",-1
"1180","insult",-1
"1181","insurrezion",-1
"1182","intas",-1
"1183","intatt",-1
"1184","intef",-1
"1185","intens",-1
"1186","intercett",-1
"1187","interess",-1
"1188","interess-personal",-1
"1189","interferent",-1
"1190","interfer",-1
"1191","intermittent",-1
"1192","interromp",-1
"1193","interrott",-1
"1194","interru",-1
"1195","intimidator",-1
"1196","intimid",-1
"1197","intoller",-1
"1198","intont",-1
"1199","intopp",-1
"1200","intorpid",-1
"1201","intossic",-1
"1202","intransigent",-1
"1203","intrappol",-1
"1204","intrapres",-1
"1205","intratt",-1
"1206","intromett",-1
"1207","intrusion",-1
"1208","inud",-1
"1209","inuman",-1
"1210","inutil",-1
"1211","inutilizz",-1
"1212","invadent",-1
"1213","invad",-1
"1214","invalid",-1
"1215","invan",-1
"1216","invasion",-1
"1217","invasor",-1
"1218","inverosimil",-1
"1219","invett",-1
"1220","invid",-1
"1221","invidiousness",-1
"1222","invis",-1
"1223","involontar",-1
"1224","invol",-1
"1225","ipocris",-1
"1226","ipocr",-1
"1227","ipocrit",-1
"1228","ira",-1
"1229","irasc",-1
"1230","iron",-1
"1231","iron-dell-sort",-1
"1232","irraggiung",-1
"1233","irragionevol",-1
"1234","irragionevolezz",-1
"1235","irrazional",-1
"1236","irrecuper",-1
"1237","irredim",-1
"1238","irregol",-1
"1239","irregolar",-1
"1240","irrepar",-1
"1241","irreprim",-1
"1242","irrequietezz",-1
"1243","irrequiet",-1
"1244","irresol",-1
"1245","irrespons",-1
"1246","irresponsabil",-1
"1247","irretrievabl",-1
"1248","irrevers",-1
"1249","irrilev",-1
"1250","irrimed",-1
"1251","irrimediabil",-1
"1252","irrisolt",-1
"1253","irrisolv",-1
"1254","irrispett",-1
"1255","irrit",-1
"1256","isol",-1
"1257","ister",-1
"1258","istig",-1
"1259","lacon",-1
"1260","lament",-1
"1261","lamentel",-1
"1262","lamentevol",-1
"1263","languid",-1
"1264","langu",-1
"1265","languor",-1
"1266","lasciv",-1
"1267","lasc",-1
"1268","latenz",-1
"1269","lavagg-del-cervell",-1
"1270","lavell",-1
"1271","lavorett",-1
"1272","legatur",-1
"1273","legg-erron",-1
"1274","lei-odi",-1
"1275","lent",-1
"1276","les",-1
"1277","lesion",-1
"1278","letal",-1
"1279","letarg",-1
"1280","lezios",-1
"1281","libertin",-1
"1282","licenz",-1
"1283","licenzios",-1
"1284","limit",-1
"1285","lim",-1
"1286","line-dur",-1
"1287","lit",-1
"1288","litig",-1
"1289","livid",-1
"1290","local-prett",-1
"1291","lord",-1
"1292","lott",-1
"1293","luccic",-1
"1294","lugubr",-1
"1295","lunat",-1
"1296","lung",-1
"1297","lung-temp",-1
"1298","luog-isol",-1
"1299","lurc",-1
"1300","lutt",-1
"1301","luttuos",-1
"1302","macabr",-1
"1303","macc",-1
"1304","macellai",-1
"1305","macell",-1
"1306","maciull",-1
"1307","magr",-1
"1308","mai-l'amor",-1
"1309","maial",-1
"1310","mal-concep",-1
"1311","mal-defin",-1
"1312","mal-di",-1
"1313","mal-di-schien",-1
"1314","mal-di-test",-1
"1315","mal-progett",-1
"1316","mal-utilizz",-1
"1317","malaccort",-1
"1318","malaticc",-1
"1319","mal",-1
"1320","malatt",-1
"1321","malavogl",-1
"1322","malconc",-1
"1323","malcontent",-1
"1324","maldestr",-1
"1325","maldicent",-1
"1326","maledett",-1
"1327","maledict",-1
"1328","maledizion",-1
"1329","maleduc",-1
"1330","maleodor",-1
"1331","maless",-1
"1332","malevolent",-1
"1333","malevol",-1
"1334","malfattor",-1
"1335","malform",-1
"1336","malign",-1
"1337","malincon",-1
"1338","malintes",-1
"1339","maliz",-1
"1340","mals",-1
"1341","malsicur",-1
"1342","maltratt",-1
"1343","malvag",-1
"1344","manc",-1
"1345","mancanz",-1
"1346","mancanz-di-decor",-1
"1347","mancanz-di-legg",-1
"1348","mancanz-di-rispett",-1
"1349","manc-di-rispett",-1
"1350","mand-di-comparizion",-1
"1351","maniacal",-1
"1352","maniac",-1
"1353","manipol",-1
"1354","manomett",-1
"1355","marc",-1
"1356","marginal",-1
"1357","martir",-1
"1358","mascalzon",-1
"1359","massacr",-1
"1360","mediocr",-1
"1361","meger",-1
"1362","melodrammat",-1
"1363","mendic",-1
"1364","men-svilupp",-1
"1365","ment",-1
"1366","mercantegg",-1
"1367","merd",-1
"1368","meschin",-1
"1369","mett-a-repentagl",-1
"1370","mett-in-pericol",-1
"1371","mett-sott-accus",-1
"1372","milit",-1
"1373","millant",-1
"1374","min",-1
"1375","minacc",-1
"1376","miragg",-1
"1377","miscredent",-1
"1378","miser",-1
"1379","mister",-1
"1380","mistific",-1
"1381","mod-oscur",-1
"1382","molest",-1
"1383","moncon",-1
"1384","mond",-1
"1385","monell",-1
"1386","monoton",-1
"1387","monot",-1
"1388","morbos",-1
"1389","mordac",-1
"1390","mordent",-1
"1391","morent",-1
"1392","moribond",-1
"1393","mor",-1
"1394","mor-di-fam",-1
"1395","mortal",-1
"1396","mort",-1
"1397","mortific",-1
"1398","mortif",-1
"1399","mostr",-1
"1400","mostruos",-1
"1401","mot",-1
"1402","muff",-1
"1403","mult-polarizz",-1
"1404","muscol-flession",-1
"1405","mut",-1
"1406","nan",-1
"1407","naufrag",-1
"1408","nause",-1
"1409","nauseabond",-1
"1410","nauseant",-1
"1411","naus",-1
"1412","nebb",-1
"1413","nebul",-1
"1414","neg",-1
"1415","negat",-1
"1416","negazion",-1
"1417","negligent",-1
"1418","nemes",-1
"1419","nemic",-1
"1420","nepot",-1
"1421","nervos",-1
"1422","nevrot",-1
"1423","noc",-1
"1424","noi",-1
"1425","noios",-1
"1426","non-appropr",-1
"1427","non-assicur",-1
"1428","non-chiar",-1
"1429","non-competit",-1
"1430","non-conferm",-1
"1431","non-cooper",-1
"1432","non-cred",-1
"1433","non-desider",-1
"1434","non-destr",-1
"1435","non-dispon",-1
"1436","non-dispost",-1
"1437","non-divertent",-1
"1438","non-equo",-1
"1439","non-essenzial",-1
"1440","non-fiduc",-1
"1441","non-funn",-1
"1442","non-molt",-1
"1443","non-moviment",-1
"1444","non-necessar",-1
"1445","non-ortodoss",-1
"1446","non-pertinent",-1
"1447","non-plausibil",-1
"1448","non-pratic",-1
"1449","non-qualific",-1
"1450","non-realist",-1
"1451","non-rispond",-1
"1452","non-sicur",-1
"1453","non-son-d'accord",-1
"1454","non-support",-1
"1455","non-valid",-1
"1456","non-verit",-1
"1457","non-visibil",-1
"1458","non-vogl",-1
"1459","no-sens",-1
"1460","nostalg",-1
"1461","notor",-1
"1462","notoriet",-1
"1463","nutr-con-il-cucchiai",-1
"1464","nutr",-1
"1465","nuvol",-1
"1466","obbrobr",-1
"1467","obes",-1
"1468","obiezion",-1
"1469","obliqu",-1
"1470","obliter",-1
"1471","obsol",-1
"1472","occlud",-1
"1473","occlusion",-1
"1474","occlus",-1
"1475","odi",-1
"1476","odiator",-1
"1477","odios",-1
"1478","odor",-1
"1479","offend",-1
"1480","offens",-1
"1481","offes",-1
"1482","offusc",-1
"1483","oggett",-1
"1484","oltragg",-1
"1485","oltrepass",-1
"1486","ombregg",-1
"1487","ombros",-1
"1488","omett",-1
"1489","omicid",-1
"1490","omission",-1
"1491","oner",-1
"1492","oppors",-1
"1493","opportunist",-1
"1494","opposizion",-1
"1495","oppression",-1
"1496","oppress",-1
"1497","oppressor",-1
"1498","oppriment",-1
"1499","opprim",-1
"1500","orda",-1
"1501","orfan",-1
"1502","orma-rud",-1
"1503","orrend",-1
"1504","orribil",-1
"1505","orrid",-1
"1506","orripil",-1
"1507","orror",-1
"1508","ortic",-1
"1509","oscen",-1
"1510","oscill",-1
"1511","oscur",-1
"1512","ossession",-1
"1513","ossess",-1
"1514","ostacol",-1
"1515","ostagg",-1
"1516","ostent",-1
"1517","ostil",-1
"1518","ostinat",-1
"1519","ostin",-1
"1520","ostruent",-1
"1521","ostru",-1
"1522","ostruzion",-1
"1523","ottus",-1
"1524","oversiz",-1
"1525","pacc",-1
"1526","padron",-1
"1527","pagan",-1
"1528","pallid",-1
"1529","pandemon",-1
"1530","panic",-1
"1531","paradossal",-1
"1532","paralizz",-1
"1533","paranoi",-1
"1534","paran",-1
"1535","parass",-1
"1536","par",-1
"1537","parod",-1
"1538","parzial",-1
"1539","pass",-1
"1540","passiv",-1
"1541","pasticc",-1
"1542","pasticcion",-1
"1543","pastos",-1
"1544","patet",-1
"1545","paur",-1
"1546","pauros",-1
"1547","pavonegg",-1
"1548","pazz",-1
"1549","peccamin",-1
"1550","pecc",-1
"1551","pedagg",-1
"1552","pedant",-1
"1553","pegg",-1
"1554","peggior",-1
"1555","pegn",-1
"1556","pen",-1
"1557","penal",-1
"1558","penalizz",-1
"1559","pent",-1
"1560","perd",-1
"1561","perdent",-1
"1562","perdut",-1
"1563","perfid",-1
"1564","pericol",-1
"1565","pericol-di-vit",-1
"1566","pericolos",-1
"1567","per",-1
"1568","permal",-1
"1569","pernic",-1
"1570","perpless",-1
"1571","persecu",-1
"1572","persegu",-1
"1573","perseguit",-1
"1574","pertinac",-1
"1575","perturb",-1
"1576","pervas",-1
"1577","pervers",-1
"1578","perversion",-1
"1579","pervert",-1
"1580","pessim",-1
"1581","pessimist",-1
"1582","pest",-1
"1583","pestilenzial",-1
"1584","pettegolezz",-1
"1585","pezz",-1
"1586","piagniste",-1
"1587","piagnucol",-1
"1588","piang",-1
"1589","picchettagg",-1
"1590","picchett",-1
"1591","piccolezz",-1
"1592","pieg",-1
"1593","pien-di-rimors",-1
"1594","pien-di-sem",-1
"1595","pietos",-1
"1596","pietrific",-1
"1597","pignol",-1
"1598","pigr",-1
"1599","piuttost-piccol",-1
"1600","pizzic",-1
"1601","pizzicor",-1
"1602","plag",-1
"1603","plastic",-1
"1604","plateal",-1
"1605","plebe",-1
"1606","poc-attraent",-1
"1607","poc-conosc",-1
"1608","poc-convincent",-1
"1609","poc-giudiz",-1
"1610","poc-inclin",-1
"1611","polarizz",-1
"1612","polem",-1
"1613","polemizz",-1
"1614","polen",-1
"1615","polv",-1
"1616","polver",-1
"1617","pompos",-1
"1618","porcil",-1
"1619","port-lord",-1
"1620","port-a-cas",-1
"1621","portator-di-handicap",-1
"1622","port",-1
"1623","postur",-1
"1624","pover",-1
"1625","povert",-1
"1626","prat",-1
"1627","precar",-1
"1628","precipit",-1
"1629","predator",-1
"1630","pregiudic",-1
"1631","pregiudiz",-1
"1632","pregiudizievol",-1
"1633","premedit",-1
"1634","prem",-1
"1635","preoccup",-1
"1636","prepotent",-1
"1637","presuntu",-1
"1638","presunzion",-1
"1639","pretenz",-1
"1640","prevaric",-1
"1641","prigion",-1
"1642","prigionier",-1
"1643","primit",-1
"1644","priv",-1
"1645","problem",-1
"1646","problemat",-1
"1647","procrastin",-1
"1648","prodigal",-1
"1649","profan",-1
"1650","prof",-1
"1651","proibit",-1
"1652","proliss",-1
"1653","pronunc-mal",-1
"1654","propagand",-1
"1655","proprietar",-1
"1656","protest",-1
"1657","protratt",-1
"1658","provoc",-1
"1659","provvisor",-1
"1660","prurigin",-1
"1661","prur",-1
"1662","pugn",-1
"1663","puls",-1
"1664","pulsazion",-1
"1665","pungent",-1
"1666","pungol",-1
"1667","punibil",-1
"1668","pun",-1
"1669","punit",-1
"1670","puntigl",-1
"1671","punton",-1
"1672","punzon",-1
"1673","purtropp",-1
"1674","puttan",-1
"1675","puzz",-1
"1676","puzzolent",-1
"1677","rabb",-1
"1678","rabbios",-1
"1679","rabbrivid",-1
"1680","raccapricc",-1
"1681","rachit",-1
"1682","radical",-1
"1683","radicalizz",-1
"1684","rallent",-1
"1685","rammar",-1
"1686","rampant",-1
"1687","rampin",-1
"1688","rancor",-1
"1689","rassegn",-1
"1690","rastrell",-1
"1691","rattrist",-1
"1692","razz",-1
"1693","razzism",-1
"1694","razzist",-1
"1695","reat",-1
"1696","reazionar",-1
"1697","recession",-1
"1698","reclam",-1
"1699","reclusion",-1
"1700","regred",-1
"1701","regression",-1
"1702","regress",-1
"1703","reiett",-1
"1704","relitt",-1
"1705","repression",-1
"1706","repress",-1
"1707","reprim",-1
"1708","repulsion",-1
"1709","res-dei-cont",-1
"1710","resistent",-1
"1711","resping",-1
"1712","respint",-1
"1713","restritt",-1
"1714","restrizion",-1
"1715","reticent",-1
"1716","retor",-1
"1717","retroced",-1
"1718","revoc",-1
"1719","revuls",-1
"1720","ribalt",-1
"1721","ribass",-1
"1722","ribell",-1
"1723","riboll",-1
"1724","ricad",-1
"1725","ricalcitr",-1
"1726","ricatt",-1
"1727","richied-temp",-1
"1728","ricors",-1
"1729","ridicol",-1
"1730","ridond",-1
"1731","rif",-1
"1732","rifiut",-1
"1733","rigid",-1
"1734","rigidezz",-1
"1735","rigor",-1
"1736","rilutt",-1
"1737","rimors",-1
"1738","rimostr",-1
"1739","rimpiant",-1
"1740","rimprover",-1
"1741","rincul",-1
"1742","ring",-1
"1743","rinunc",-1
"1744","rip",-1
"1745","ripetit",-1
"1746","ripid",-1
"1747","riprovevol",-1
"1748","ripud",-1
"1749","ripugn",-1
"1750","risc",-1
"1751","rischios",-1
"1752","risent",-1
"1753","risent-di",-1
"1754","risorgent",-1
"1755","ristagn",-1
"1756","ristrett",-1
"1757","ritard",-1
"1758","ritir",-1
"1759","ritorn",-1
"1760","ritorsion",-1
"1761","ritort",-1
"1762","ritratt",-1
"1763","rival",-1
"1764","rivest-di-zuccher",-1
"1765","rivolt",-1
"1766","robb",-1
"1767","roccios",-1
"1768","rodent",-1
"1769","rollercoaster",-1
"1770","ronz",-1
"1771","rottam",-1
"1772","rott",-1
"1773","rottur",-1
"1774","rovent",-1
"1775","rovesc",-1
"1776","rovin",-1
"1777","rozz",-1
"1778","irremediabl",-1
"1779","rub",-1
"1780","rud",-1
"1781","rue",-1
"1782","ruffian",-1
"1783","rug",-1
"1784","ruggin",-1
"1785","rugh",-1
"1786","rugos",-1
"1787","rumor",-1
"1788","sabotagg",-1
"1789","sacchegg",-1
"1790","sacc",-1
"1791","sacrific",-1
"1792","saltuar",-1
"1793","sanguin",-1
"1794","sanguisug",-1
"1795","sarcasm",-1
"1796","sarcast",-1
"1797","sardon",-1
"1798","satiregg",-1
"1799","satir",-1
"1800","sbadigl",-1
"1801","sbagl",-1
"1802","sbalord",-1
"1803","sbav",-1
"1804","sbavatur",-1
"1805","sbilanc",-1
"1806","sbilenc",-1
"1807","sbrindell",-1
"1808","sbrogl",-1
"1809","scacc",-1
"1810","scad",-1
"1811","scadent",-1
"1812","scandal",-1
"1813","scandalizz",-1
"1814","scappatell",-1
"1815","scappatoi",-1
"1816","scaric",-1
"1817","scars",-1
"1818","scarsezz",-1
"1819","scarsit",-1
"1820","scart",-1
"1821","scaten",-1
"1822","scettic",-1
"1823","scheletr",-1
"1824","schern",-1
"1825","scherz",-1
"1826","scherzos",-1
"1827","schiacc",-1
"1828","schiacciant",-1
"1829","schiaff",-1
"1830","schiamazz",-1
"1831","schi",-1
"1832","schiavizz",-1
"1833","schifos",-1
"1834","schif",-1
"1835","schiumos",-1
"1836","schiv",-1
"1837","sciatt",-1
"1838","scind",-1
"1839","sciocc",-1
"1840","scioccant",-1
"1841","sciolt",-1
"1842","scioper",-1
"1843","scission",-1
"1844","scomod",-1
"1845","scompars",-1
"1846","scompigl",-1
"1847","sconcert",-1
"1848","sconfess",-1
"1849","sconosc",-1
"1850","sconsiderat",-1
"1851","sconsideratezz",-1
"1852","sconsider",-1
"1853","sconsigl",-1
"1854","sconsol",-1
"1855","sconsolat",-1
"1856","scontent",-1
"1857","scontr",-1
"1858","scontros",-1
"1859","sconvenient",-1
"1860","sconvolgent",-1
"1861","sconvolg",-1
"1862","sconvolt",-1
"1863","scopp",-1
"1864","scoragg",-1
"1865","scorrett",-1
"1866","scortes",-1
"1867","scortic",-1
"1868","scoss",-1
"1869","scostant",-1
"1870","scredit",-1
"1871","screpol",-1
"1872","scricchiol",-1
"1873","scroccon",-1
"1874","scrupol",-1
"1875","sculacc",-1
"1876","scur",-1
"1877","scus",-1
"1878","sdegnos",-1
"1879","sdolcinatezz",-1
"1880","secc",-1
"1881","seccatur",-1
"1882","second-livell",-1
"1883","sedentar",-1
"1884","segret",-1
"1885","selvagg",-1
"1886","sem-ritard",-1
"1887","semplicist",-1
"1888","semplific",-1
"1889","semplif",-1
"1890","senil",-1
"1891","sens-di-colp",-1
"1892","senz-amor",-1
"1893","senz-cervell",-1
"1894","senz-compromess",-1
"1895","senz-document",-1
"1896","senz-legg",-1
"1897","senz-licenz",-1
"1898","senz-pens",-1
"1899","senz-piet",-1
"1900","senz-scop",-1
"1901","senz-scrupol",-1
"1902","senz-sens",-1
"1903","senz-speranz",-1
"1904","senz-success",-1
"1905","senz-vit",-1
"1906","separ",-1
"1907","servil",-1
"1908","set",-1
"1909","sfacc",-1
"1910","sfacciataggin",-1
"1911","sfacciat",-1
"1912","sfarfall",-1
"1913","sfavorevol",-1
"1914","sfid",-1
"1915","sfiduc",-1
"1916","sfoc",-1
"1917","sfocatur",-1
"1918","sfog",-1
"1919","sfoll",-1
"1920","sfortun",-1
"1921","sfortunat",-1
"1922","sforz",-1
"1923","sfreg",-1
"1924","sfren",-1
"1925","sfrontatezz",-1
"1926","sfrutt",-1
"1927","sgangher",-1
"1928","sghignazz",-1
"1929","sgoment",-1
"1930","sgradevol",-1
"1931","sgrad",-1
"1932","sgraziat",-1
"1933","sgraz",-1
"1934","sgretol",-1
"1935","sgrid",-1
"1936","sguazz",-1
"1937","si-arrend-facil",-1
"1938","si-blocc",-1
"1939","sibil",-1
"1940","siccit",-1
"1941","siep",-1
"1942","sindrom",-1
"1943","sinistr",-1
"1944","sintom",-1
"1945","situazion-critic",-1
"1946","situazion-di-stall",-1
"1947","situazion-difficil",-1
"1948","slav",-1
"1949","sleal",-1
"1950","slealt",-1
"1951","slog",-1
"1952","slow",-1
"1953","smarr",-1
"1954","sment",-1
"1955","sminu",-1
"1956","smod",-1
"1957","smodat",-1
"1958","smorf",-1
"1959","snervant",-1
"1960","snob",-1
"1961","snobb",-1
"1962","sob",-1
"1963","sobr",-1
"1964","soccomb",-1
"1965","sofferent",-1
"1966","soffert",-1
"1967","soffoc",-1
"1968","soffr",-1
"1969","sofistic",-1
"1970","soggezion",-1
"1971","soggiog",-1
"1972","solitar",-1
"1973","solitudin",-1
"1974","somar",-1
"1975","sommers",-1
"1976","sonagl",-1
"1977","soppression",-1
"1978","sopraff",-1
"1979","sopraffatt",-1
"1980","sopravval",-1
"1981","sopravvalut",-1
"1982","sord",-1
"1983","sornion",-1
"1984","sospett",-1
"1985","sostien-la-line-dur",-1
"1986","sottodimension",-1
"1987","sottoline",-1
"1988","sottomess",-1
"1989","sottomission",-1
"1990","sottopag",-1
"1991","sottopost",-1
"1992","sottoquot",-1
"1993","sottosquadr",-1
"1994","sottot",-1
"1995","sottovalut",-1
"1996","sottrarr",-1
"1997","sovraccar",-1
"1998","sovrappes",-1
"1999","sovrastim",-1
"2000","sovversion",-1
"2001","sovvers",-1
"2002","sovvert",-1
"2003","spaccatur",-1
"2004","spadronegg",-1
"2005","sparg-di-sangu",-1
"2006","spar",-1
"2007","spavald",-1
"2008","spavent",-1
"2009","spaventevol",-1
"2010","spericol",-1
"2011","sperper",-1
"2012","spess",-1
"2013","spettral",-1
"2014","spettr",-1
"2015","spezzatin",-1
"2016","spiacevol",-1
"2017","spiegazz",-1
"2018","spietat",-1
"2019","spietatezz",-1
"2020","spiet",-1
"2021","spiffer",-1
"2022","spin",-1
"2023","spinos",-1
"2024","spir-battaglier",-1
"2025","spogl",-1
"2026","sporad",-1
"2027","sporciz",-1
"2028","sporc",-1
"2029","spost",-1
"2030","sprec",-1
"2031","spregevol",-1
"2032","spregiat",-1
"2033","spregiudicat",-1
"2034","sprezzant",-1
"2035","sproloqu",-1
"2036","sproporzion",-1
"2037","spudorat",-1
"2038","spudoratezz",-1
"2039","spudor",-1
"2040","spur",-1
"2041","squallid",-1
"2042","squallor",-1
"2043","squal",-1
"2044","squamos",-1
"2045","squilibr",-1
"2046","squitt",-1
"2047","sradic",-1
"2048","stagnant",-1
"2049","stagnazion",-1
"2050","stall",-1
"2051","stamped",-1
"2052","stamp",-1
"2053","stanchezz",-1
"2054","stanc",-1
"2055","stant",-1
"2056","static",-1
"2057","stereotip",-1
"2058","steril",-1
"2059","stermin",-1
"2060","stigm",-1
"2061","stigmatizz",-1
"2062","stizz",-1
"2063","stizzos",-1
"2064","stord",-1
"2065","storp",-1
"2066","straf",-1
"2067","strag",-1
"2068","stran",-1
"2069","stranezz",-1
"2070","strangol",-1
"2071","strapag",-1
"2072","strapazz",-1
"2073","strapp",-1
"2074","stravag",-1
"2075","straziant",-1
"2076","streg",-1
"2077","stress",-1
"2078","stressant",-1
"2079","strett",-1
"2080","strident",-1
"2081","strid",-1
"2082","stridul",-1
"2083","strill",-1
"2084","striminz",-1
"2085","strisc",-1
"2086","strisciant",-1
"2087","strisci￲",-1
"2088","strofin",-1
"2089","stronz",-1
"2090","stropicc",-1
"2091","strozz",-1
"2092","strugg",-1
"2093","struggent",-1
"2094","stucchevol",-1
"2095","stupefatt",-1
"2096","stupid",-1
"2097","stupor",-1
"2098","stupr",-1
"2099","stuzzic",-1
"2100","subaltern",-1
"2101","subdol",-1
"2102","subordin",-1
"2103","succ",-1
"2104","sudar",-1
"2105","sud",-1
"2106","suicid",-1
"2107","suin",-1
"2108","super",-1
"2109","superficial",-1
"2110","superflu",-1
"2111","superstizion",-1
"2112","superstiz",-1
"2113","supplic",-1
"2114","supponent",-1
"2115","surriscald",-1
"2116","suscett",-1
"2117","svantagg",-1
"2118","sventr",-1
"2119","svil",-1
"2120","svist",-1
"2121","svit",-1
"2122","svogl",-1
"2123","tagl",-1
"2124","tard",-1
"2125","tassazion",-1
"2126","tast",-1
"2127","tedios",-1
"2128","temerar",-1
"2129","temerariet",-1
"2130","temper",-1
"2131","tempest",-1
"2132","tenac",-1
"2133","tenerezz",-1
"2134","tension",-1
"2135","tentazion",-1
"2136","tentenn",-1
"2137","tenu",-1
"2138","terremot",-1
"2139","terribil",-1
"2140","terror",-1
"2141","terrorizz",-1
"2142","tes",-1
"2143","test-cald",-1
"2144","testardaggin",-1
"2145","testard",-1
"2146","ti-odi",-1
"2147","tiepid",-1
"2148","timid",-1
"2149","timidezz",-1
"2150","tirann",-1
"2151","tirapied",-1
"2152","tirc",-1
"2153","tont",-1
"2154","toporagn",-1
"2155","torment",-1
"2156","torrent",-1
"2157","tortuos",-1
"2158","tortur",-1
"2159","tossic",-1
"2160","tossicodipendent",-1
"2161","totalitar",-1
"2162","traball",-1
"2163","trad",-1
"2164","traditor",-1
"2165","traged",-1
"2166","tragic",-1
"2167","tram",-1
"2168","trappol",-1
"2169","trasal",-1
"2170","trascin",-1
"2171","trascur",-1
"2172","trasecol",-1
"2173","trasgred",-1
"2174","trasgression",-1
"2175","trasgression-dell-legg",-1
"2176","trasgressor-dell-legg",-1
"2177","trasgressor",-1
"2178","trash",-1
"2179","traum",-1
"2180","traumat",-1
"2181","traumatizz",-1
"2182","travagl",-1
"2183","travis",-1
"2184","travolg",-1
"2185","trist",-1
"2186","tristement",-1
"2187","tristezz",-1
"2188","troi",-1
"2189","tropp-car",-1
"2190","tropp-mal",-1
"2191","Trucc",-1
"2192","trucc",-1
"2193","truff",-1
"2194","truffator",-1
"2195","tumult",-1
"2196","tumultu",-1
"2197","turbolent",-1
"2198","ubriac",-1
"2199","ubriacon",-1
"2200","uccid",-1
"2201","uccis",-1
"2202","ultimatum",-1
"2203","ultim-disper",-1
"2204","ultra-line-dur",-1
"2205","umid",-1
"2206","umil",-1
"2207","urgent",-1
"2208","urtand",-1
"2209","urtar",-1
"2210","urtat",-1
"2211","urti",-1
"2212","ustion",-1
"2213","usurp",-1
"2214","vacill",-1
"2215","vacu",-1
"2216","vag",-1
"2217","valang",-1
"2218","vanaglor",-1
"2219","van",-1
"2220","vang",-1
"2221","vanit",-1
"2222","vecc-bislacc",-1
"2223","veement",-1
"2224","veemenz",-1
"2225","velen",-1
"2226","vendett",-1
"2227","vendic",-1
"2228","vendicat",-1
"2229","vergogn",-1
"2230","vers",-1
"2231","vertigin",-1
"2232","vescic",-1
"2233","vess",-1
"2234","viet",-1
"2235","vigliacc",-1
"2236","vil",-1
"2237","vilt",-1
"2238","vinc-con-sfrontatezz",-1
"2239","viol",-1
"2240","violator",-1
"2241","violazion",-1
"2242","violent",-1
"2243","viper",-1
"2244","virulent",-1
"2245","virus",-1
"2246","viscos",-1
"2247","vill",-1
"2248","vittim",-1
"2249","vittimizz",-1
"2250","viz",-1
"2251","vizios",-1
"2252","volg",-1
"2253","volubil",-1
"2254","vom",-1
"2255","vomit",-1
"2256","vulner",-1
"2257","vuot",-1
"2258","zelant",-1
"2259","zel",-1
"2260","zer",-1
"2261","zimbell",-1
"2262","zitell",-1
"2263","zomb",-1
"2264","zoppic",-1
"2265","zopp",-1
"2266","vaffancul",-1
"2267","affancul",-1
"2268","fancul",-1
"2269","sfig",-1
"2270","emotebad",-1
"2271","emotesick",-1
"2272","emotevil",-1
"2273","emotecry",-1
"2274","emoteshock",-1
"2275","emotedisapp",-1
"2276","emotesil",-1
"2277","emotesham",-1
