"","nome","categoria"
"1",".com","ente"
"2",".it","ente"
"3",".net","ente"
"4",".org","ente"
"5","5 stelle","ente"
"6","5stelle","ente"
"7","aaliyah","femm"
"8","aaron","masc"
"9","abigail","femm"
"10","adalberto","masc"
"11","adam","masc"
"12","addison","femm"
"13","adelaida","femm"
"14","adolfo","masc"
"15","adre","masc"
"16","adrew","masc"
"17","adrian","masc"
"18","adriana","femm"
"19","adriano","masc"
"20","agnese","femm"
"21","agostino","masc"
"22","agriturismo","ente"
"23","ahmad","masc"
"24","ahmed","masc"
"25","aiden","masc"
"26","alan","masc"
"27","alba","femm"
"28","albano","masc"
"29","albert","masc"
"30","alberta","femm"
"31","alberto","masc"
"32","aldo","masc"
"33","alejandra","femm"
"34","alejandro","masc"
"35","alessandra","femm"
"36","alessandro","masc"
"37","alessia","femm"
"38","alessio","masc"
"39","alex","masc"
"40","alexa","femm"
"41","alexander","masc"
"42","alexandra","femm"
"43","alexandro","masc"
"44","alexis","femm"
"45","alfio","masc"
"46","alfonso","masc"
"47","alfredo","masc"
"48","alice","femm"
"49","alida","femm"
"50","alina","femm"
"51","aline","femm"
"52","allison","femm"
"53","alma","femm"
"54","alvaro","masc"
"55","alyssa","femm"
"56","amalia","femm"
"57","amanda","femm"
"58","amedeo","masc"
"59","amelia","femm"
"60","amnesty","ente"
"61","amy","femm"
"62","ana","femm"
"63","analytics","ente"
"64","andre","masc"
"65","andré","masc"
"66","andrea","masc"
"67","andreana","femm"
"68","andreas","masc"
"69","andree","femm"
"70","andreina","femm"
"71","andres","masc"
"72","andrés","masc"
"73","andrew","masc"
"74","andrey","masc"
"75","andy","masc"
"76","angela","femm"
"77","angelantonio","masc"
"78","angelica","femm"
"79","angelo","masc"
"80","angie","femm"
"81","anita","femm"
"82","ann","femm"
"83","anna","femm"
"84","annabelle","femm"
"85","annalisa","femm"
"86","annamaria","femm"
"87","anne","femm"
"88","annie","femm"
"89","ansa","ente"
"90","anthony","masc"
"91","antonella","femm"
"92","antonello","masc"
"93","antonia","femm"
"94","antonietta","femm"
"95","antonino","masc"
"96","antonio","masc"
"97","arcangelo","masc"
"98","arcidiocesi","ente"
"99","arcigay","ente"
"100","aria","femm"
"101","arianna","femm"
"102","armando","masc"
"103","art","ente"
"104","arte","ente"
"105","arthur","masc"
"106","arturo","masc"
"107","asher","masc"
"108","associazione","ente"
"109","assunta","femm"
"110","assunto","masc"
"111","attilio","masc"
"112","aubrey","femm"
"113","audrey","femm"
"114","augusta","femm"
"115","augusto","masc"
"116","aurelia","femm"
"117","aurora","femm"
"118","austin","masc"
"119","ava","femm"
"120","avery","femm"
"121","avv","masc"
"122","axel","masc"
"123","bailey","femm"
"124","ballarò","ente"
"125","barbara","femm"
"126","basilio","masc"
"127","bea","femm"
"128","beatrice","femm"
"129","beatrix","femm"
"130","beatriz","femm"
"131","bella","femm"
"132","ben","masc"
"133","benedetta","femm"
"134","benedetto","masc"
"135","benjamin","masc"
"136","benno","masc"
"137","bentley","masc"
"138","beppe","masc"
"139","betta","femm"
"140","biagio","masc"
"141","bianca","femm"
"142","bill","masc"
"143","bio","ente"
"144","blake","masc"
"145","blog","ente"
"146","bob","masc"
"147","boy","masc"
"148","brandon","masc"
"149","brayden","masc"
"150","brenda","femm"
"151","brian","masc"
"152","brianna","femm"
"153","brody","masc"
"154","brooke","femm"
"155","brooklyn","femm"
"156","brown","masc"
"157","bruce","masc"
"158","bruna","femm"
"159","brunilda","femm"
"160","bruno","masc"
"161","bryan","masc"
"162","business","ente"
"163","calcio","ente"
"164","caleb","masc"
"165","cameron","masc"
"166","camila","femm"
"167","camilla","femm"
"168","camillo","masc"
"169","cardinal","masc"
"170","carla","femm"
"171","carlo","masc"
"172","carlos","masc"
"173","carlotta","femm"
"174","carmela","femm"
"175","carmelo","masc"
"176","carmen","femm"
"177","carmina","femm"
"178","carmine","masc"
"179","carol","femm"
"180","carolina","femm"
"181","caroline","femm"
"182","carson","masc"
"183","carter","masc"
"184","casapound","ente"
"185","cassandra","femm"
"186","cataldo","masc"
"187","caterina","femm"
"188","cecilia","femm"
"189","centro","ente"
"190","cesar","masc"
"191","cesare","masc"
"192","cgil","ente"
"193","channel","ente"
"194","charles","masc"
"195","charlie","masc"
"196","charlotte","femm"
"197","chase","masc"
"198","checco","masc"
"199","chiara","femm"
"200","chicca","femm"
"201","chicco","masc"
"202","chloe","femm"
"203","chris","femm"
"204","christian","masc"
"205","christina","femm"
"206","christopher","masc"
"207","cindy","femm"
"208","cinzia","femm"
"209","circolo","ente"
"210","ciro","masc"
"211","cisl","ente"
"212","claire","femm"
"213","clara","femm"
"214","claudia","femm"
"215","claudio","masc"
"216","clelia","femm"
"217","clemente","masc"
"218","clementina","femm"
"219","clio","femm"
"220","club","ente"
"221","cole","masc"
"222","colin","masc"
"223","colton","masc"
"224","company","ente"
"225","comune","ente"
"226","concetti","femm"
"227","concettina","femm"
"228","connor","masc"
"229","consuelo","femm"
"230","coop","ente"
"231","cooper","masc"
"232","cooperativa","ente"
"233","coordinamento","ente"
"234","corrado","masc"
"235","corriere","ente"
"236","cosimo","masc"
"237","costantino","masc"
"238","cristian","masc"
"239","cristiana","femm"
"240","cristiano","masc"
"241","cristina","femm"
"242","dagospia","ente"
"243","daily","ente"
"244","damiano","masc"
"245","dan","masc"
"246","dani","femm"
"247","daniel","masc"
"248","daniela","femm"
"249","daniele","masc"
"250","danielle","femm"
"251","danila","femm"
"252","danilo","masc"
"253","danny","masc"
"254","dante","masc"
"255","daria","femm"
"256","dario","masc"
"257","data","ente"
"258","dave","masc"
"259","david","masc"
"260","davide","masc"
"261","dean","masc"
"262","debora","femm"
"263","deborah","femm"
"264","decimo","masc"
"265","declan","masc"
"266","dedio","masc"
"267","delfina","femm"
"268","delia","femm"
"269","delilah","femm"
"270","demetrio","masc"
"271","denis","masc"
"272","denise","femm"
"273","dennis","femm"
"274","desirée","femm"
"275","diana","femm"
"276","diario","ente"
"277","diego","masc"
"278","digital","ente"
"279","dimitri","masc"
"280","dina","femm"
"281","dino","masc"
"282","diocesi","ente"
"283","directioner","ente"
"284","domenico","masc"
"285","dominic","masc"
"286","donata","femm"
"287","donatella","femm"
"288","donato","masc"
"289","dora","femm"
"290","doriano","masc"
"291","dott.","masc"
"292","dott.ssa","femm"
"293","drew","masc"
"294","drug","ente"
"295","dylan","masc"
"296","easton","masc"
"297","economia","ente"
"298","edgar","masc"
"299","edizioni","ente"
"300","edoardo","masc"
"301","eduardo","masc"
"302","egidio","masc"
"303","ekaterina","femm"
"304","elda","femm"
"305","eleanor","femm"
"306","elena","femm"
"307","eleonora","femm"
"308","eli","femm"
"309","elia","masc"
"310","eliana","femm"
"311","elijah","masc"
"312","elio","masc"
"313","elisa","femm"
"314","elisabetta","femm"
"315","elise","femm"
"316","elizabeth","femm"
"317","ella","femm"
"318","ellie","femm"
"319","elvio","masc"
"320","elvira","femm"
"321","emanuela","femm"
"322","emanuele","masc"
"323","emi","femm"
"324","emilia","femm"
"325","emiliano","masc"
"326","emilio","masc"
"327","emily","femm"
"328","emma","femm"
"329","enea","masc"
"330","enio","masc"
"331","ennio","masc"
"332","enrica","femm"
"333","enrico","masc"
"334","enrique","masc"
"335","enza","femm"
"336","enzo","masc"
"337","eraldo","masc"
"338","erasmo","masc"
"339","eriberto","masc"
"340","eric","masc"
"341","erica","femm"
"342","erik","masc"
"343","erika","femm"
"344","ermanno","masc"
"345","erminia","femm"
"346","ernesto","masc"
"347","eros","masc"
"348","ersilia","femm"
"349","espresso","ente"
"350","ester","femm"
"351","esther","femm"
"352","ethan","masc"
"353","ettore","masc"
"354","eugenio","masc"
"355","europa","ente"
"356","eva","femm"
"357","evan","masc"
"358","evelyn","femm"
"359","evelyne","femm"
"360","evita","masc"
"361","ezequiel","masc"
"362","ezio","masc"
"363","fabiana","femm"
"364","fabiano","masc"
"365","fabio","masc"
"366","fabiola","femm"
"367","fabrizio","masc"
"368","fany","femm"
"369","fausta","femm"
"370","fausto","masc"
"371","fdi","ente"
"372","febo","masc"
"373","fedee","masc"
"374","federazione","ente"
"375","federica","femm"
"376","federico","masc"
"377","felice","masc"
"378","felicia","femm"
"379","felipe","masc"
"380","ferdinando","masc"
"381","fernanda","femm"
"382","fernando","masc"
"383","ferraro","masc"
"384","ferruccio","masc"
"385","festambiente","ente"
"386","fgc","ente"
"387","filippo","masc"
"388","fiorenza","femm"
"389","flavia","femm"
"390","flavio","masc"
"391","floriana","femm"
"392","fondazione","ente"
"393","football","ente"
"394","forum","ente"
"395","franca","femm"
"396","francesca","femm"
"397","francesco","masc"
"398","francisco","masc"
"399","franco","masc"
"400","francy","femm"
"401","frank","masc"
"402","fulvia","femm"
"403","fulvio","masc"
"404","gábor","masc"
"405","gabriel","masc"
"406","gabriela","femm"
"407","gabriele","masc"
"408","gabriella","femm"
"409","gaetano","masc"
"410","gaia","femm"
"411","gaja","femm"
"412","garcia","masc"
"413","gary","masc"
"414","gaspare","masc"
"415","gavin","masc"
"416","gazzetta","ente"
"417","gd","ente"
"418","gennaro","masc"
"419","genny","femm"
"420","george","masc"
"421","geraldina","femm"
"422","gerardo","masc"
"423","gessica","femm"
"424","giacinto","masc"
"425","giacomo","masc"
"426","giada","femm"
"427","giambattista","masc"
"428","giampaolo","masc"
"429","giampiero","masc"
"430","gian","masc"
"431","gian maria","masc"
"432","giancarlo","masc"
"433","giandomenico","masc"
"434","gianfranco","masc"
"435","giangiacomo","masc"
"436","gianluca","masc"
"437","gianluigi","masc"
"438","gianmarco","masc"
"439","gianmaria","masc"
"440","gianmario","masc"
"441","gianna","femm"
"442","gianni","masc"
"443","gianpaolo","masc"
"444","gianpietro","masc"
"445","gigi","masc"
"446","gigliola","femm"
"447","gilda","femm"
"448","gino","masc"
"449","gioia","femm"
"450","giordano","masc"
"451","giorgia","femm"
"452","giorgio","masc"
"453","giornale","ente"
"454","giosuè","masc"
"455","giovanna","femm"
"456","giovanni","masc"
"457","girl","femm"
"458","girolamo","masc"
"459","giulia","femm"
"460","giuliana","femm"
"461","giuliano","masc"
"462","giulio","masc"
"463","giuseppe","masc"
"464","giuseppina","femm"
"465","giusi","femm"
"466","giusy","femm"
"467","global","ente"
"468","gloria","femm"
"469","goffredo","masc"
"470","gomez","masc"
"471","grace","femm"
"472","grayson","masc"
"473","grazia","femm"
"474","graziano","masc"
"475","graziella","femm"
"476","greenpeace","ente"
"477","greg","masc"
"478","gregor","masc"
"479","greta","femm"
"480","group","ente"
"481","gualtiero","masc"
"482","guglielmo","masc"
"483","guido","masc"
"484","guillermo","masc"
"485","gustavo","masc"
"486","hailey","femm"
"487","hana","femm"
"488","hannah","femm"
"489","harper","femm"
"490","harrison","masc"
"491","hayden","masc"
"492","health","ente"
"493","helen","femm"
"494","helena","femm"
"495","helmut","masc"
"496","hendrik","masc"
"497","henry","masc"
"498","hermes","femm"
"499","hotel","ente"
"500","hudson","masc"
"501","hugo","masc"
"502","hunter","masc"
"503","iacopo","masc"
"504","ian","masc"
"505","ida","femm"
"506","idv","ente"
"507","ignazio","masc"
"508","igor","masc"
"509","ilaria","femm"
"510","ilario","masc"
"511","inc","ente"
"512","ines","femm"
"513","info","ente"
"514","informazione","ente"
"515","ingrid","femm"
"516","international","ente"
"517","internazionale","ente"
"518","ippolito","masc"
"519","irene","femm"
"520","isa","femm"
"521","isaac","masc"
"522","isabel","femm"
"523","isabella","femm"
"524","isabelle","femm"
"525","isadora","femm"
"526","isaiah","masc"
"527","isla","femm"
"528","italia","ente"
"529","italo","masc"
"530","italy","ente"
"531","iulia","femm"
"532","ivan","masc"
"533","ivana","femm"
"534","ivano","masc"
"535","jace","masc"
"536","jack","masc"
"537","jackson","masc"
"538","jacob","masc"
"539","jacopo","masc"
"540","jaime","femm"
"541","jake","masc"
"542","james","masc"
"543","jamie","femm"
"544","jan","masc"
"545","jane","femm"
"546","jasmine","femm"
"547","jason","masc"
"548","javier","masc"
"549","jayden","masc"
"550","jean","masc"
"551","jean baptiste","masc"
"552","jeff","masc"
"553","jelena","masc"
"554","jennifer","femm"
"555","jenny","femm"
"556","jeremiah","masc"
"557","jeremy","masc"
"558","jerry","masc"
"559","jessica","femm"
"560","jesus","masc"
"561","jesús","masc"
"562","jim","masc"
"563","jimmy","masc"
"564","joão","masc"
"565","jobs","ente"
"566","joe","masc"
"567","joel","masc"
"568","john","masc"
"569","johnny","masc"
"570","johnson","masc"
"571","jon","masc"
"572","jonathan","masc"
"573","jones","masc"
"574","jordan","masc"
"575","jorge","masc"
"576","jose","masc"
"577","josé","masc"
"578","joseph","masc"
"579","josephine","femm"
"580","josh","masc"
"581","joshua","masc"
"582","journal","ente"
"583","juan","masc"
"584","julia","femm"
"585","julian","masc"
"586","juliana","femm"
"587","julie","femm"
"588","julio","masc"
"589","juri","masc"
"590","justin","masc"
"591","juve","ente"
"592","juventus","ente"
"593","kaitlyn","femm"
"594","karen","femm"
"595","karina","femm"
"596","kate","femm"
"597","katia","femm"
"598","katie","femm"
"599","katrin","femm"
"600","kayla","femm"
"601","kaylee","femm"
"602","kelly","femm"
"603","ken","masc"
"604","kendall","femm"
"605","kennedy","femm"
"606","kenneth","masc"
"607","ketty","femm"
"608","kevin","masc"
"609","kim","masc"
"610","king","masc"
"611","kyle","masc"
"612","kylie","femm"
"613","lab","ente"
"614","laboratori","ente"
"615","laboratorio","ente"
"616","lady","femm"
"617","landon","masc"
"618","lara","femm"
"619","larissa","femm"
"620","larry","masc"
"621","laura","femm"
"622","lauren","femm"
"623","lavoro","ente"
"624","layla","femm"
"625","lazio","ente"
"626","leah","femm"
"627","leandro","masc"
"628","lega","ente"
"629","legambiente","ente"
"630","lele","masc"
"631","leo","masc"
"632","leon","masc"
"633","leonard","masc"
"634","leonardo","masc"
"635","leonel","masc"
"636","leonilde","femm"
"637","letizia","femm"
"638","levi","masc"
"639","lia","femm"
"640","liam","masc"
"641","licia","femm"
"642","lidia","femm"
"643","life","ente"
"644","liliana","femm"
"645","lillian","femm"
"646","lillo","masc"
"647","lily","femm"
"648","lina","femm"
"649","lincoln","masc"
"650","linda","femm"
"651","lino","masc"
"652","lisa","femm"
"653","lisandro","masc"
"654","livia","femm"
"655","liviana","femm"
"656","livio","masc"
"657","liz","femm"
"658","logan","masc"
"659","loredana","femm"
"660","lorena","femm"
"661","lorenza","femm"
"662","lorenzo","masc"
"663","loris","masc"
"664","lou","masc"
"665","louis","masc"
"666","lù","femm"
"667","luana","masc"
"668","luca","masc"
"669","lucas","masc"
"670","lucia","femm"
"671","luciana","femm"
"672","luciano","masc"
"673","lucio","masc"
"674","lucrezia","masc"
"675","lucy","femm"
"676","ludovica","femm"
"677","ludovico","masc"
"678","luigi","masc"
"679","luis","masc"
"680","luisa","femm"
"681","luisella","femm"
"682","luke","masc"
"683","luna","femm"
"684","lyla","femm"
"685","m5s","ente"
"686","maddalena","femm"
"687","madelyn","femm"
"688","madison","femm"
"689","magazine","ente"
"690","maia","femm"
"691","makayla","femm"
"692","malik","masc"
"693","manfredi","masc"
"694","manuel","masc"
"695","manuela","femm"
"696","manuele","masc"
"697","mara","femm"
"698","marc","masc"
"699","marcela","femm"
"700","marcella","femm"
"701","marcello","masc"
"702","marco","masc"
"703","marcos","masc"
"704","margherita","femm"
"705","mari","femm"
"706","maria","femm"
"707","maría","femm"
"708","marialuisa","femm"
"709","mariana","femm"
"710","mariangela","femm"
"711","marianna","femm"
"712","mariano","masc"
"713","mariapia","femm"
"714","mariarosaria","femm"
"715","mariateresa","femm"
"716","marie","femm"
"717","mariella","femm"
"718","marika","femm"
"719","marilena","femm"
"720","marina","femm"
"721","marinella","femm"
"722","marino","masc"
"723","mario","masc"
"724","mariolina","femm"
"725","marisa","femm"
"726","mark","masc"
"727","marketing","ente"
"728","marko","masc"
"729","marta","femm"
"730","martin","masc"
"731","martina","femm"
"732","martinez","masc"
"733","martino","masc"
"734","marty","femm"
"735","mary","femm"
"736","marzia","femm"
"737","marzio","masc"
"738","mason","masc"
"739","massimiliano","masc"
"740","massimo","masc"
"741","matheus","masc"
"742","matt","masc"
"743","matteo","masc"
"744","matthew","masc"
"745","mattia","masc"
"746","mattino","ente"
"747","maulana","femm"
"748","maura","femm"
"749","mauricio","masc"
"750","maurizia","femm"
"751","maurizio","masc"
"752","mauro","masc"
"753","max","masc"
"754","maya","femm"
"755","media","ente"
"756","medical","ente"
"757","meetup","ente"
"758","melissa","femm"
"759","memories","ente"
"760","mery","femm"
"761","méxico","ente"
"762","mia","femm"
"763","micaela","femm"
"764","micah","masc"
"765","michael","masc"
"766","michel","masc"
"767","michela","femm"
"768","michele","masc"
"769","michelina","femm"
"770","michelle","femm"
"771","miguel","masc"
"772","mike","masc"
"773","mila","femm"
"774","milan","ente"
"775","milena","femm"
"776","miles","masc"
"777","mimmo","masc"
"778","mira","femm"
"779","miranda","femm"
"780","mirco","masc"
"781","mirella","femm"
"782","miriam","femm"
"783","mirko","masc"
"784","miss","femm"
"785","modesto","masc"
"786","mohammed","masc"
"787","molly","femm"
"788","monia","femm"
"789","monica","femm"
"790","morena","femm"
"791","moreno","masc"
"792","morgan","masc"
"793","movimento","ente"
"794","mr","masc"
"795","mrs","femm"
"796","muhammad","masc"
"797","music","ente"
"798","nadia","femm"
"799","nancy","femm"
"800","nando","masc"
"801","natalia","femm"
"802","natalie","femm"
"803","nathalie","femm"
"804","nathan","masc"
"805","nathaniel","masc"
"806","nazareno","masc"
"807","nazionale","ente"
"808","nella","femm"
"809","nelson","masc"
"810","network","ente"
"811","nevaeh","femm"
"812","new","ente"
"813","news","ente"
"814","niccolò","masc"
"815","nicholas","masc"
"816","nick","masc"
"817","nico","masc"
"818","nicola","masc"
"819","nicolas","masc"
"820","nicole","femm"
"821","nicoletta","femm"
"822","nicolò","masc"
"823","nina","femm"
"824","nino","masc"
"825","noah","masc"
"826","noemi","femm"
"827","nolan","masc"
"828","nora","femm"
"829","norberto","masc"
"830","noticias","ente"
"831","notizie","ente"
"832","now","ente"
"833","odette","femm"
"834","official","ente"
"835","oggi","ente"
"836","olindo","masc"
"837","oliver","masc"
"838","olivia","femm"
"839","oliviero","masc"
"840","olivio","masc"
"841","omar","masc"
"842","online","ente"
"843","onofrio","masc"
"844","oreste","masc"
"845","oriana","femm"
"846","orietta","femm"
"847","ornella","femm"
"848","oscar","masc"
"849","ottaviano","masc"
"850","owen","masc"
"851","pablo","masc"
"852","paige","femm"
"853","pamela","femm"
"854","pamelina","femm"
"855","paola","femm"
"856","paolo","masc"
"857","parker","masc"
"858","pasquale","masc"
"859","patricia","femm"
"860","patrick","masc"
"861","patrizia","femm"
"862","patrizio","masc"
"863","paul","masc"
"864","paula","femm"
"865","paulo","masc"
"866","pd","ente"
"867","pedro","masc"
"868","peppe","masc"
"869","peter","masc"
"870","petra","femm"
"871","peyton","femm"
"872","pharmacy","ente"
"873","pier","masc"
"874","piera","femm"
"875","pierangelo","masc"
"876","piercarlo","masc"
"877","pierfrancesco","masc"
"878","pierfranco","masc"
"879","pierluigi","masc"
"880","piermario","masc"
"881","piermatteo","masc"
"882","piero","masc"
"883","pierpaolo","masc"
"884","pierre","masc"
"885","pietrangelo","masc"
"886","pietro","masc"
"887","pino","masc"
"888","piper","femm"
"889","pippo","masc"
"890","politica","ente"
"891","press","ente"
"892","prestino","masc"
"893","princess","femm"
"894","priscilla","femm"
"895","queen","femm"
"896","quinn","femm"
"897","quotidiano","ente"
"898","rachel","femm"
"899","rachele","femm"
"900","radio","ente"
"901","rafael","masc"
"902","raffaela","femm"
"903","raffaele","masc"
"904","raffaella","femm"
"905","raffaello","masc"
"906","raimondo","masc"
"907","raoul","masc"
"908","raul","masc"
"909","ray","masc"
"910","reagan","femm"
"911","rebecca","femm"
"912","red","masc"
"913","reese","femm"
"914","regione","ente"
"915","remo","masc"
"916","renata","femm"
"917","renato","masc"
"918","renzo","masc"
"919","reporter","ente"
"920","repubblica","ente"
"921","ricardo","masc"
"922","riccarda","femm"
"923","riccardo","masc"
"924","richard","masc"
"925","rick","masc"
"926","ricky","masc"
"927","rico","masc"
"928","rina","femm"
"929","rinaldo","masc"
"930","rino","masc"
"931","rita","femm"
"932","rob","masc"
"933","robbie","masc"
"934","robert","masc"
"935","roberta","femm"
"936","roberto","masc"
"937","robin","masc"
"938","rocco","masc"
"939","rodolfo","masc"
"940","rodrigo","masc"
"941","roger","masc"
"942","rolando","masc"
"943","romana","femm"
"944","romano","masc"
"945","romina","femm"
"946","ros","femm"
"947","rosa","femm"
"948","rosalia","femm"
"949","rosamunda","femm"
"950","rosanna","femm"
"951","rosaria","femm"
"952","rosario","masc"
"953","rose","femm"
"954","rosella","femm"
"955","ross","masc"
"956","rossana","femm"
"957","rossella","femm"
"958","rosy","femm"
"959","roy","masc"
"960","rss","ente"
"961","rubina","femm"
"962","ruby","femm"
"963","ruggero","masc"
"964","rumiana","femm"
"965","ryan","masc"
"966","ryder","masc"
"967","sabina","femm"
"968","sabrina","femm"
"969","sadie","femm"
"970","saimon","masc"
"971","sal","masc"
"972","salvatore","masc"
"973","salvo","masc"
"974","sam","masc"
"975","samantha","femm"
"976","samara","femm"
"977","samuel","masc"
"978","samuela","femm"
"979","samuele","masc"
"980","san","ente"
"981","sandra","femm"
"982","sandro","masc"
"983","sandy","femm"
"984","santi","masc"
"985","santino","masc"
"986","santos","masc"
"987","sara","femm"
"988","sarah","femm"
"989","sarai","femm"
"990","savannah","femm"
"991","saverio","masc"
"992","savio","masc"
"993","scarlett","femm"
"994","science","ente"
"995","scienze","ente"
"996","sean","masc"
"997","sebastian","masc"
"998","sebastiano","masc"
"999","sel","ente"
"1000","senato","ente"
"1001","serafino","masc"
"1002","serena","femm"
"1003","sergio","masc"
"1004","shaheen","masc"
"1005","shreya","femm"
"1006","sienna","femm"
"1007","sig.","masc"
"1008","sig.ra","femm"
"1009","signor","masc"
"1010","silei","masc"
"1011","silva","femm"
"1012","silvana","femm"
"1013","silvano","masc"
"1014","silvia","femm"
"1015","silvio","masc"
"1016","silvy","femm"
"1017","simon","masc"
"1018","simona","femm"
"1019","simone","masc"
"1020","simonella","femm"
"1021","simonetta","femm"
"1022","slavica","femm"
"1023","social","ente"
"1024","sofia","femm"
"1025","sonia","femm"
"1026","sophia","femm"
"1027","sophie","femm"
"1028","sossio","masc"
"1029","spiegel","ente"
"1030","sport","ente"
"1031","srl","ente"
"1032","stampa","ente"
"1033","stefan","masc"
"1034","stefania","femm"
"1035","stefano","masc"
"1036","stella","femm"
"1037","stephanie","femm"
"1038","stephen","masc"
"1039","steve","masc"
"1040","steven","masc"
"1041","studio","ente"
"1042","susan","femm"
"1043","susanna","femm"
"1044","susy","femm"
"1045","sydney","femm"
"1046","tamara","femm"
"1047","tania","femm"
"1048","tatiana","femm"
"1049","tatjana","femm"
"1050","taylor","femm"
"1051","team","ente"
"1052","tech","ente"
"1053","teresa","femm"
"1054","tg","ente"
"1055","thomas","masc"
"1056","tim","masc"
"1057","tina","femm"
"1058","tito","masc"
"1059","tiziana","femm"
"1060","tiziano","masc"
"1061","today","ente"
"1062","tom","masc"
"1063","tomaso","masc"
"1064","tommaso","masc"
"1065","tonio","masc"
"1066","tony","masc"
"1067","travel","ente"
"1068","tristan","masc"
"1069","tullio","masc"
"1070","tv","ente"
"1071","tyler","masc"
"1072","ubaldo","masc"
"1073","ufficiostampa","ente"
"1074","ugo","masc"
"1075","uil","ente"
"1076","umberto","masc"
"1077","unione","ente"
"1078","univ.","ente"
"1079","univ\\.","ente"
"1080","usd","ente"
"1081","valentina","femm"
"1082","valentino","masc"
"1083","valeria","femm"
"1084","valerio","masc"
"1085","valter","masc"
"1086","vanessa","femm"
"1087","vanni","masc"
"1088","vasco","masc"
"1089","vedran","masc"
"1090","vera","femm"
"1091","veronica","femm"
"1092","vic","femm"
"1093","victor","masc"
"1094","victoria","femm"
"1095","video","ente"
"1096","vincent","masc"
"1097","vincenzo","masc"
"1098","vinci","femm"
"1099","vindi","femm"
"1100","viola","femm"
"1101","violet","femm"
"1102","virginia","femm"
"1103","vito","masc"
"1104","vitória","femm"
"1105","vittoria","femm"
"1106","vittorio","masc"
"1107","viviana","femm"
"1108","waleska","femm"
"1109","walter","masc"
"1110","web","ente"
"1111","webmagazine","ente"
"1112","wiebke","femm"
"1113","william","masc"
"1114","willy","masc"
"1115","wilma","femm"
"1116","wired","ente"
"1117","world","ente"
"1118","wyatt","masc"
"1119","xavier","masc"
"1120","ylenia","femm"
"1121","yuri","masc"
"1122","zachary","masc"
"1123","zoe","femm"
